<?xml version="1.0" encoding="UTF-8"?><?xml-stylesheet type='text/xsl' href='_UpgradeReport_Files/UpgradeReport.xslt'?><UpgradeLog>
<Properties><Property Name="Solution" Value="530 serial">
</Property><Property Name="Solution File" Value="C:\hanan\prj\prj\530 serial\530 serial.sln">
</Property><Property Name="Date" Value="Sunday, February 07, 2010">
</Property><Property Name="Time" Value="22:21 PM">
</Property></Properties><Event ErrorLevel="1" Project="530 serial" Source="530 serial\530 serial.vcproj" Description="This application has been updated to include settings related to the User Account Control (UAC) feature of Windows Vista. By default, when run on Windows Vista with UAC enabled, this application is marked to run with the same privileges as the process that launched it. This marking also disables the application from running with virtualization. You can change UAC related settings from the Property Pages of the project.">
</Event><Event ErrorLevel="0" Project="530 serial" Source="530 serial\530 serial.vcproj" Description="Project upgraded successfully.">
</Event><Event ErrorLevel="3" Project="530 serial" Source="530 serial\530 serial.vcproj" Description="Converted">
</Event><Event ErrorLevel="1" Project="Serial" Source="..\Serial\Serial\Serial.vcproj" Description="This application has been updated to include settings related to the User Account Control (UAC) feature of Windows Vista. By default, when run on Windows Vista with UAC enabled, this application is marked to run with the same privileges as the process that launched it. This marking also disables the application from running with virtualization. You can change UAC related settings from the Property Pages of the project.">
</Event><Event ErrorLevel="0" Project="Serial" Source="..\Serial\Serial\Serial.vcproj" Description="Project upgraded successfully.">
</Event><Event ErrorLevel="3" Project="Serial" Source="..\Serial\Serial\Serial.vcproj" Description="Converted">
</Event><Event ErrorLevel="0" Project="Test exe" Source="..\Test exe\Test exe\Test exe.vcproj" Description="Web deployment to the local IIS server is no longer supported. The Web Deployment build tool has been removed from your project settings.">
</Event><Event ErrorLevel="1" Project="Test exe" Source="..\Test exe\Test exe\Test exe.vcproj" Description="This application has been updated to include settings related to the User Account Control (UAC) feature of Windows Vista. By default, when run on Windows Vista with UAC enabled, this application is marked to run with the same privileges as the process that launched it. This marking also disables the application from running with virtualization. You can change UAC related settings from the Property Pages of the project.">
</Event><Event ErrorLevel="0" Project="Test exe" Source="..\Test exe\Test exe\Test exe.vcproj" Description="Project upgraded successfully.">
</Event><Event ErrorLevel="3" Project="Test exe" Source="..\Test exe\Test exe\Test exe.vcproj" Description="Converted">
</Event><Event ErrorLevel="0" Project="" Source="530 serial.sln" Description="Solution converted successfully">
</Event><Event ErrorLevel="3" Project="" Source="530 serial.sln" Description="Converted">
</Event></UpgradeLog>