<?xml version="1.0" encoding="UTF-8"?><?xml-stylesheet type='text/xsl' href='_UpgradeReport_Files/UpgradeReport.xslt'?><UpgradeLog>
<Properties><Property Name="Solution" Value="ExceptionLogger">
</Property><Property Name="Solution File" Value="C:\Users\hananr\Desktop\ExceptionLogger\ExceptionLogger.sln">
</Property><Property Name="Date" Value="יום ראשון 04 מרץ 2012">
</Property><Property Name="Time" Value="11:33:10">
</Property></Properties><Event ErrorLevel="0" Project="ExceptionLogger" Source="ExceptionLogger.csproj" Description="Project file successfully backed up as C:\Users\hananr\Desktop\ExceptionLogger\Backup\ExceptionLogger.csproj">
</Event><Event ErrorLevel="0" Project="ExceptionLogger" Source="EmailLogger.cs" Description="File successfully backed up as C:\Users\hananr\Desktop\ExceptionLogger\Backup\EmailLogger.cs">
</Event><Event ErrorLevel="0" Project="ExceptionLogger" Source="EventLogLogger.cs" Description="File successfully backed up as C:\Users\hananr\Desktop\ExceptionLogger\Backup\EventLogLogger.cs">
</Event><Event ErrorLevel="0" Project="ExceptionLogger" Source="ExceptionLogger.cs" Description="File successfully backed up as C:\Users\hananr\Desktop\ExceptionLogger\Backup\ExceptionLogger.cs">
</Event><Event ErrorLevel="0" Project="ExceptionLogger" Source="Properties\AssemblyInfo.cs" Description="File successfully backed up as C:\Users\hananr\Desktop\ExceptionLogger\Backup\Properties\AssemblyInfo.cs">
</Event><Event ErrorLevel="0" Project="ExceptionLogger" Source="TextFileLogger.cs" Description="File successfully backed up as C:\Users\hananr\Desktop\ExceptionLogger\Backup\TextFileLogger.cs">
</Event><Event ErrorLevel="0" Project="ExceptionLogger" Source="WebsiteLogger.cs" Description="File successfully backed up as C:\Users\hananr\Desktop\ExceptionLogger\Backup\WebsiteLogger.cs">
</Event><Event ErrorLevel="0" Project="ExceptionLogger" Source="WindowLogger.cs" Description="File successfully backed up as C:\Users\hananr\Desktop\ExceptionLogger\Backup\WindowLogger.cs">
</Event><Event ErrorLevel="1" Project="ExceptionLogger" Source="ExceptionLogger.csproj" Description="Your project is targeting .NET Framework 2.0 or 3.0. If your project uses assemblies requiring a newer .NET Framework, your project will fail to build. You can change the .NET Framework version by clicking Properties on the project menu and then selecting a new version in the '.NET Framework' dropdown box. (In Visual Basic, this is located on the Compile tab by clicking the 'Advanced Compiler Options...' button.)">
</Event><Event ErrorLevel="0" Project="ExceptionLogger" Source="ExceptionLogger.csproj" Description="Project converted successfully">
</Event><Event ErrorLevel="3" Project="ExceptionLogger" Source="ExceptionLogger.csproj" Description="Converted">
</Event><Event ErrorLevel="0" Project="ExceptionLogger" Source="ExceptionLogger.csproj" Description="Scan complete: Upgrade not required for project files.">
</Event></UpgradeLog>