<?xml version="1.0" encoding="UTF-8"?><?xml-stylesheet type='text/xsl' href='_UpgradeReport_Files/UpgradeReport.xslt'?><UpgradeLog>
<Properties><Property Name="Solution" Value="datagridview">
</Property><Property Name="Solution File" Value="C:\Users\Hanan\Desktop\datagridview\datagridview.sln">
</Property><Property Name="Date" Value="Monday, 26 September 2011">
</Property><Property Name="Time" Value="14:34:50 PM">
</Property></Properties><Event ErrorLevel="0" Project="datagridview" Source="datagridview.csproj" Description="Project file successfully backed up as C:\Users\Hanan\Desktop\datagridview\Backup\datagridview.csproj">
</Event><Event ErrorLevel="0" Project="datagridview" Source="Form1.cs" Description="File successfully backed up as C:\Users\Hanan\Desktop\datagridview\Backup\Form1.cs">
</Event><Event ErrorLevel="0" Project="datagridview" Source="Form1.Designer.cs" Description="File successfully backed up as C:\Users\Hanan\Desktop\datagridview\Backup\Form1.Designer.cs">
</Event><Event ErrorLevel="0" Project="datagridview" Source="Program.cs" Description="File successfully backed up as C:\Users\Hanan\Desktop\datagridview\Backup\Program.cs">
</Event><Event ErrorLevel="0" Project="datagridview" Source="Properties\AssemblyInfo.cs" Description="File successfully backed up as C:\Users\Hanan\Desktop\datagridview\Backup\Properties\AssemblyInfo.cs">
</Event><Event ErrorLevel="0" Project="datagridview" Source="Properties\Resources.Designer.cs" Description="File successfully backed up as C:\Users\Hanan\Desktop\datagridview\Backup\Properties\Resources.Designer.cs">
</Event><Event ErrorLevel="0" Project="datagridview" Source="Properties\Settings.Designer.cs" Description="File successfully backed up as C:\Users\Hanan\Desktop\datagridview\Backup\Properties\Settings.Designer.cs">
</Event><Event ErrorLevel="0" Project="datagridview" Source="app.config" Description="File successfully backed up as C:\Users\Hanan\Desktop\datagridview\Backup\app.config">
</Event><Event ErrorLevel="0" Project="datagridview" Source="Properties\Settings.settings" Description="File successfully backed up as C:\Users\Hanan\Desktop\datagridview\Backup\Properties\Settings.settings">
</Event><Event ErrorLevel="0" Project="datagridview" Source="Form1.resx" Description="File successfully backed up as C:\Users\Hanan\Desktop\datagridview\Backup\Form1.resx">
</Event><Event ErrorLevel="0" Project="datagridview" Source="Properties\Resources.resx" Description="File successfully backed up as C:\Users\Hanan\Desktop\datagridview\Backup\Properties\Resources.resx">
</Event><Event ErrorLevel="0" Project="datagridview" Source="datagridview.csproj" Description="Project converted successfully">
</Event><Event ErrorLevel="3" Project="datagridview" Source="datagridview.csproj" Description="Converted">
</Event><Event ErrorLevel="0" Project="datagridview" Source="datagridview.csproj" Description="Scan complete: Upgrade not required for project files.">
</Event></UpgradeLog>