<?xml version="1.0" encoding="UTF-8"?><?xml-stylesheet type='text/xsl' href='_UpgradeReport_Files/UpgradeReport.xslt'?><UpgradeLog>
<Properties><Property Name="Solution" Value="Serial">
</Property><Property Name="Solution File" Value="C:\project\Serial\Serial.sln">
</Property><Property Name="Date" Value="Sunday, February 07, 2010">
</Property><Property Name="Time" Value="22:43 PM">
</Property></Properties><Event ErrorLevel="0" Project="Serial" Source="Serial\Serial.vcproj" Description="Project upgraded successfully.">
</Event><Event ErrorLevel="3" Project="Serial" Source="Serial\Serial.vcproj" Description="Converted">
</Event><Event ErrorLevel="0" Project="" Source="Serial.sln" Description="Solution converted successfully">
</Event><Event ErrorLevel="3" Project="" Source="Serial.sln" Description="Converted">
</Event></UpgradeLog>