<?xml version="1.0" encoding="UTF-8"?><?xml-stylesheet type='text/xsl' href='_UpgradeReport_Files/UpgradeReport.xslt'?><UpgradeLog>
<Properties><Property Name="Solution" Value="cppdll">
</Property><Property Name="Solution File" Value="C:\Users\hananr\Desktop\managedcppdll\cppdll.sln">
</Property><Property Name="Date" Value="יום רביעי 15 פברואר 2012">
</Property><Property Name="Time" Value="22:58">
</Property></Properties><Event ErrorLevel="0" Project="cppdll" Source="cppdll.vcproj" Description="Converting project file 'C:\Users\hananr\Desktop\managedcppdll\cppdll.vcproj'.">
</Event><Event ErrorLevel="1" Project="cppdll" Source="cppdll.vcproj" Description="This application has been updated to include settings related to the User Account Control (UAC) feature of Windows Vista. By default, when run on Windows Vista with UAC enabled, this application is marked to run with the same privileges as the process that launched it. This marking also disables the application from running with virtualization. You can change UAC related settings from the Property Pages of the project.">
</Event><Event ErrorLevel="1" Project="cppdll" Source="cppdll.vcproj" Description="VCWebServiceProxyGeneratorTool is no longer supported. The tool has been removed from your project settings.">
</Event><Event ErrorLevel="1" Project="cppdll" Source="cppdll.vcproj" Description="Attribute 'Detect64BitPortabilityProblems' of 'VCCLCompilerTool' is not supported in this version and has been removed during conversion.">
</Event><Event ErrorLevel="0" Project="cppdll" Source="cppdll.vcproj" Description="Web deployment to the local IIS server is no longer supported. The Web Deployment build tool has been removed from your project settings.">
</Event><Event ErrorLevel="1" Project="cppdll" Source="cppdll.vcproj" Description="Attribute 'Detect64BitPortabilityProblems' of 'VCCLCompilerTool' is not supported in this version and has been removed during conversion.">
</Event><Event ErrorLevel="0" Project="cppdll" Source="cppdll.vcproj" Description="Done converting to new project file 'C:\Users\hananr\Desktop\managedcppdll\cppdll.vcxproj'.">
</Event><Event ErrorLevel="3" Project="cppdll" Source="cppdll.vcproj" Description="Converted">
</Event><Event ErrorLevel="0" Project="" Source="cppdll.sln" Description="Solution converted successfully">
</Event><Event ErrorLevel="3" Project="" Source="cppdll.sln" Description="Converted">
</Event></UpgradeLog>